step,flow_time,next_flow_time,t,next_t,loss,lr_loss,msi_loss,skeleton_loss,detail_loss,detail_weight,grad_core,grad_g3,g3_relative_change,factor_updated,relative_factor_change
1,0.8500000238418579,0.8575000166893005,150,142,0.021298639476299286,0.010668767616152763,0.010629872791469097,0.0,0.0,-1.0,6.4407267570495605,1.732050895690918,0.0002962381986435503,True,0.7456353034627844
2,0.8575000166893005,0.8650000095367432,142,135,3.1630101203918457,1.6090245246887207,1.5539854764938354,0.0,0.0,-1.0,6.506214618682861,1.7320712804794312,0.00029513740446418524,False,11.676416484433771
3,0.8650000095367432,0.8725000023841858,135,127,0.03795729950070381,0.019265547394752502,0.01869175210595131,0.0,0.0,-1.0,6.44686222076416,1.7319247722625732,0.0004242447030264884,True,0.6253473361912375
4,0.8725000023841858,0.8799999952316284,127,120,0.6610419750213623,0.33456534147262573,0.3264766037464142,0.0,0.0,-1.0,6.398475170135498,1.7317968606948853,0.0006142104393802583,False,2.0742202342388496
5,0.8799999952316284,0.8875000476837158,120,112,0.042038120329380035,0.021225281059741974,0.02081283926963806,0.0,0.0,-1.0,6.435771465301514,1.731702208518982,0.0007251866045407951,True,1.2317618640247414
6,0.8875000476837158,0.8950000405311584,112,105,0.27979576587677,0.1404232382774353,0.13937252759933472,0.0,0.0,-1.0,6.508214473724365,1.7317414283752441,0.0008489988395012915,False,7.407223176868873
7,0.8950000405311584,0.9025000333786011,105,97,0.032001931220293045,0.016228746622800827,0.015773184597492218,0.0,0.0,-1.0,6.437807083129883,1.7315928936004639,0.0009392653009854257,True,0.804644095893492
8,0.9025000333786011,0.9100000262260437,97,90,0.23547334969043732,0.11717969179153442,0.1182936578989029,0.0,0.0,-1.0,6.516162395477295,1.731670618057251,0.0010576077038422227,False,4.217237590304262
9,0.9100000262260437,0.9175000190734863,90,82,0.024828270077705383,0.012664834968745708,0.0121634341776371,0.0,0.0,-1.0,6.437918186187744,1.731519341468811,0.0011384671088308096,True,0.7222708179748901
10,0.9175000190734863,0.925000011920929,82,75,0.26409074664115906,0.13118314743041992,0.13290759921073914,0.0,0.0,-1.0,6.523871421813965,1.7316508293151855,0.0012775507057085633,False,2.9073625319711947
11,0.925000011920929,0.9325000047683716,75,67,0.017472155392169952,0.00898921862244606,0.008482935838401318,0.0,0.0,-1.0,6.440459251403809,1.7314903736114502,0.0014414088800549507,True,0.668069667980047
12,0.9325000047683716,0.9399999976158142,67,60,0.03226247429847717,0.015980469062924385,0.016282005235552788,0.0,0.0,-1.0,6.50301456451416,1.731571078300476,0.001597743947058916,False,0.49984554960994565
13,0.9399999976158142,0.9474999904632568,60,53,0.08202971518039703,0.042363088577985764,0.03966662287712097,0.0,0.0,-1.0,6.4354448318481445,1.731398344039917,0.0018323289696127176,True,1.3326423800943838
14,0.9474999904632568,0.9549999833106995,53,45,0.029602576047182083,0.014359363354742527,0.015243211761116982,0.0,0.0,-1.0,6.4992194175720215,1.7313517332077026,0.0020223476458340883,False,3.7728642918245767
15,0.9549999833106995,0.9624999761581421,45,38,0.0772000402212143,0.03987209126353264,0.037327952682971954,0.0,0.0,-1.0,6.416296005249023,1.7311025857925415,0.0022880963515490294,True,1.4933496774722141
16,0.9624999761581421,0.9700000286102295,38,30,0.026397109031677246,0.012578233145177364,0.013818874955177307,0.0,0.0,-1.0,6.479689598083496,1.731022834777832,0.002402356592938304,False,2.6211560731425085
17,0.9700000286102295,0.9775000214576721,30,22,0.05621020123362541,0.029274508357048035,0.026935692876577377,0.0,0.0,-1.0,6.387624263763428,1.7307934761047363,0.002653399482369423,True,1.5200463681670653
18,0.9775000214576721,0.9850000143051147,22,15,0.038415081799030304,0.018494093790650368,0.019920989871025085,0.0,0.0,-1.0,6.470567226409912,1.7307721376419067,0.0027918030973523855,False,3.3187434815150323
19,0.9850000143051147,0.9925000071525574,15,7,0.03201475739479065,0.016799570992588997,0.015215188264846802,0.0,0.0,-1.0,6.387005805969238,1.730568766593933,0.0028395538683980703,True,0.97173101759691
20,0.9925000071525574,1.0,7,0,0.07895548641681671,0.038106247782707214,0.040849242359399796,0.0,0.0,-1.0,6.48466682434082,1.7307015657424927,0.002988736378028989,False,16.44159090872151
